Art Blogs,Writing Blogs,Good Art/Animation Blogs,Anatomy/Reference Help Blogs
officialartdad,elumish,vesperkore,femaleheadreference
easythingstodrawtutorials,oliviapaigewrites,bbhajime,adahairstyles
aeoliansrefs,scriptfeature,kurokku-tokei,drawingreferencebook
sketchrefer,writingmyselfintoanearlygrave,mucknagabe,expressionmemes
polsdrawingtips,strugglingauthors,kotake96,faceres
aaaaart,scriptshrink,ovopack,modelstodraw
wumpa-fruit,script-a-world,magicbunnyart,adventures-of-drama-and-connie
drawing-tutorial,cadewrites,,dailybody-kun
artrefparty,ambientwriting,aeoliansrefs,fucktonofanatomyreferencesreborn
art-tutorials-and-ref,try-to-get-writing,sovenasark,gabesotherreferences
paperantagonist,she-who-fights-and-writes,28-5,artreferencepictures
referencesandtutorials,randomrefsandstuff,merriway,milachas76
learntodrawwithmeboi,thewrittenpost,heggy-e,modelsheets
planetroomba,catherine-writes-i-guess,amks-pict,artistencyclopedia
nesart,relatableteenwriter,rheasimone1,clothing-references
holyshitartrefs,eternalwritingstudent,kanekoshake,mattsuuuun
s0ffia,kalis-scribles,goquest,ocs-need-clothing-too
drawinggeeky,andtheotherwriter,slimespecter,color-palettes
tutorialarchive,luminahart,junehwa,posesandexpression
fuckyeahreferences,wordsnstuff,lursland,posereference
blogthatsnotmeanttobeseen,golden-eyed-writer,gatodelfuturo,characterdesigninspiration
arthelptipstutorials,theliteraryarchitect,nelnal382,ablogforanatomy
artist-helping-association,astridalen,cygullsart,teamwarchicken
my-art-tutorial-blog,acharacterstuckinthestory,bernardmalijan,
chinxee,fictionwriting2,eismesser,
artreferencestutorialsandtips,fixyourwritinghabits,zu-art,
artisthelpingartist,thewritinghole,kidworm,
tutorialsnshit,open-notebook,secretblogu,
randomrefsandstuff,authors-haven,candy-kingdom-keeper,
bunnyresources,writingreferencestuff,mukitsune,
art-references-and-shit,daily-writing-tips,amyliobat,
art-tip,the-writer-s-hideout,artsekey,
sothisishowyouart,justawritingaid,bunnychii,
drawing-with-lena,gettingitwrite,kaleidraws,
officialartinreferences,juliawritesbooks,avasdemon,
drawing-animation-tutorials,xenosstash,xtaleunderverse,
studio-emry,creatingthewritelife,avril-s-garden,
artisttipsandsaibrushes,kcl-teaches,fantasyartfinds,
refsandins,dolores-hazy,takaokadai,
tutoperso,pixel-letters,avril-circus,
great-art-tutorials,wonderousworldbuilding,beccatherose,
ptsai-brushes,art-write-ref,natsumezine,
my-art-tutorial-blog-thing,its-just-a-writers-thing,nichniin,
drawbetterart,writing-advice,tinypaint,
xenosstash,wnnabewriiter,melanchowly,
artreferenceandinspiration,git-writing-gud,huyandere,
eerie-reblogs-art-things,sp00kysid,bordercrow,
art-references-tutorials,thewritersguardianangel,elentori-art,
artist--references,quillwritten,kaminookiba,
artists-avenue,writerlydays,perel,
rebloggedtutorials,writing-is-ruining-my-life,k-eke,
shaistutarchive,keepcalmandwritefiction,goobermation,
drawing-tips-from,writer-but-shes-drunk,vainashel,
artreferences-andstuff,oc-growth-and-development,finnrakh-tybay,
ohmyartref,flowerybooks,jumbletale,
carpemermaidartref,writeblrconnoections,fofufofu,
drawingreferencehoard,elliewritesstories,fluffymilktea,
tutorialdrawix,a-cure-for-writers-block,whentheyart,
drawing-help,don'twaitforinspiration,cubewatermelon,
inus-refs,embarrassingwriter,loverofpiggies,
drawingden,crazybunchwriter,paultervoorde,
learnhowtoart,joshuareed36,twohairs,
art-tutorial ,acebelle,serenaci,
digital-art-tutorials,an-author-in-progress,cirnosphere,
tips-for-art,the-writers-manual,loish,
art-tutorial-reblogs-ahoy,writingtipsmyfriends,cenistar,
drawing-references-tutorials,writingburrito,shirodebbyartblog,
help-me-draw,thecharactercomma,jessdrawz,
doodlydoodly,,dailycatdrawings,
art-tnt,,ikimaru,
art-write-ref,,galaxies-of-art,
arttipsstorage,,comyet,
anarttipjar,,earthphantom,
art-tutorials-n-references,,jake-clark,
alltututorials,,ginkohs,
how-to-art,,squigglydigg,
artist-advice,,toxicmaid,
artutorialsandstuff,,mamenoco,
guide-to-arting-p-good,,isuckatthisdon'ti,
artkink,,wishpetal,
tiptoparttips,,cuteouji,
art-references,,anzka,
art-res,,probertson,
drawthisshit,,apple-cores,
art-help-archives,,migo-roco,
art-references-for-the-hopeless,,thespywholovedyou,
improvewithtutorials,,hongsoonsang,
mrmoleskin,,azounow,
referencesfordrawing,,,
edgebugsrefs,,,
howtodraws,,,
exclusively-art-reference,,,
purple-art-references,,,
wannabeanimator,,,
scurviesdisneyblog,,,
2dtraditionalanimation,,,
,,,
,,,
,,,
,,,
,,,
,,,
,,,
,,,
,,,
,,,
,,,
,,,
,,,
,,,
,,,
,,,
,,,
,,,
,,,
,,,
,,,
,,,
,,,
,,,
,,,
,,,
,,,
,,,
,,,
,,,
,,,
,,,
,,,
,,,
,,,
,,,
,,,
,,,
,,,
,,,
,,,
,,,
,,,
,,,
,,,
,,,
,,,
,,,
,,,
,,,
,,,
,,,
,,,
,,,
,,,
,,,
,,,
,,,
,,,
,,,
,,,
,,,
,,,
,,,
,,,
,,,
,,,
,,,
,,,
,,,
,,,
,,,
,,,
,,,
,,,
,,,
,,,
,,,
,,,
,,,
,,,
,,,
,,,
,,,
,,,
,,,
,,,
,,,
,,,
,,,
,,,
,,,
,,,
,,,
,,,
,,,
,,,
,,,
,,,
,,,
,,,
,,,
,,,
,,,
,,,
,,,
,,,
,,,
,,,
,,,
,,,
,,,
,,,
,,,
,,,
,,,
,,,
,,,
,,,
,,,
,,,
,,,
,,,
,,,
,,,
,,,
,,,
,,,
,,,
,,,
,,,
,,,
,,,
,,,
,,,
,,,
,,,
,,,
,,,
,,,
,,,
,,,
,,,
,,,
,,,
,,,
,,,
,,,
,,,
,,,
,,,
,,,
,,,
,,,
,,,
,,,
,,,
,,,
,,,
,,,
,,,
,,,
,,,
,,,
,,,
,,,
,,,
,,,
,,,
,,,
,,,
,,,
,,,
,,,
,,,
,,,
,,,
,,,
,,,
,,,
,,,
,,,
,,,
,,,
,,,
,,,
,,,
,,,
,,,
,,,
,,,
,,,
,,,
,,,
,,,
,,,
,,,
,,,
,,,
,,,
,,,
,,,
,,,
,,,
,,,
,,,
,,,
,,,
,,,
,,,
,,,
,,,
,,,
,,,
,,,
,,,
,,,
,,,
,,,
,,,
,,,
,,,
,,,
,,,
,,,
,,,
,,,
,,,
,,,
,,,
,,,
,,,
,,,
,,,
,,,
,,,
,,,
,,,
,,,
,,,
,,,
,,,
,,,
,,,
,,,
,,,
,,,
,,,
,,,
,,,
,,,
,,,
,,,
,,,
,,,
,,,
,,,
,,,
,,,
,,,
,,,
,,,
,,,
,,,
,,,
,,,
,,,
,,,
,,,
,,,
,,,
,,,
,,,
,,,
,,,
,,,
,,,
,,,
,,,
,,,
,,,
,,,
,,,
,,,
,,,
,,,
,,,
,,,
,,,
,,,
,,,
,,,
,,,
,,,
,,,
,,,
,,,
,,,
,,,
,,,
,,,
,,,
,,,
,,,
,,,
,,,
,,,
,,,
,,,
,,,
,,,
,,,
,,,
,,,
,,,
,,,
,,,
,,,
,,,
,,,
,,,
,,,
,,,
,,,
,,,
,,,
,,,
,,,
,,,
,,,
,,,
,,,
,,,
,,,
,,,
,,,
,,,
,,,
,,,
,,,
,,,
,,,
,,,
,,,
,,,
,,,
,,,
,,,
,,,
,,,
,,,
,,,
,,,
,,,
,,,
,,,
,,,
,,,
,,,
,,,
,,,
,,,
,,,
,,,
,,,
,,,
,,,
,,,
,,,
,,,
,,,
,,,
,,,
,,,
,,,
,,,
,,,
,,,
,,,
,,,
,,,
,,,
,,,
,,,
,,,
,,,
,,,
,,,
,,,
,,,
,,,
,,,
,,,
,,,
,,,
,,,
,,,
,,,
,,,
,,,
,,,
,,,
,,,
,,,
,,,
,,,
,,,
,,,
,,,
,,,
,,,
,,,
,,,
,,,
,,,
,,,
,,,
,,,
,,,
,,,
,,,
,,,
,,,
,,,
,,,
,,,
,,,
,,,
,,,
,,,
,,,
,,,
,,,
,,,
,,,
,,,
,,,
,,,
,,,
,,,
,,,
,,,
,,,
,,,
,,,
,,,
,,,
,,,
,,,
,,,
,,,
,,,
,,,
,,,
,,,
,,,
,,,
,,,
,,,
,,,
,,,
,,,
,,,
,,,
,,,
,,,
,,,
,,,
,,,
,,,
,,,
,,,
,,,
,,,
,,,
,,,
,,,
,,,
,,,
,,,
,,,
,,,
,,,
,,,
,,,
,,,
,,,
,,,
,,,
,,,
,,,
,,,
,,,
,,,
,,,
,,,
,,,
,,,
,,,
,,,
,,,
,,,
,,,
,,,
,,,
,,,
,,,
,,,
,,,
,,,
,,,
,,,
,,,
,,,
,,,
,,,
,,,
,,,
,,,
,,,
,,,
,,,
,,,
,,,
,,,
,,,
,,,
,,,
,,,
,,,
,,,
,,,
,,,
,,,
,,,
,,,
,,,
,,,
,,,
,,,
,,,
,,,
,,,
,,,
,,,
,,,
,,,
,,,
,,,
,,,
,,,
,,,
,,,
,,,
,,,
,,,
,,,
,,,
,,,
,,,
,,,
,,,
,,,
,,,
,,,
,,,
,,,
,,,
,,,
,,,
,,,
,,,
,,,
,,,
,,,
,,,
,,,
,,,
,,,
,,,
,,,
,,,
,,,
,,,
,,,
,,,
,,,
,,,
,,,
,,,
,,,
,,,
,,,
,,,
,,,
,,,
,,,
,,,
,,,
,,,
,,,
,,,
,,,
,,,
,,,
,,,
,,,
,,,
,,,
,,,
,,,
,,,
,,,
,,,
,,,
,,,
,,,
,,,
,,,
,,,
,,,
,,,
,,,
,,,
,,,
,,,
,,,
,,,
,,,
,,,
,,,
,,,
,,,
,,,
,,,
,,,
,,,
,,,
,,,
,,,
,,,
,,,
,,,
,,,
,,,
,,,
,,,
,,,
,,,
,,,
,,,
,,,
,,,
,,,
,,,
,,,
,,,
,,,
,,,
,,,
,,,
,,,
,,,
,,,
,,,
,,,
,,,
,,,
,,,
,,,
,,,
,,,
,,,
,,,
,,,
,,,
,,,
,,,
,,,
,,,
,,,
,,,
,,,
,,,
,,,
,,,
,,,
,,,
,,,
,,,
,,,
,,,
,,,
,,,
,,,
,,,
,,,
,,,
,,,
,,,
,,,
,,,
,,,
,,,
,,,
,,,
,,,
,,,
,,,
,,,
,,,
,,,
,,,
,,,
,,,
,,,
,,,
,,,
,,,
,,,
,,,
,,,
,,,
,,,
,,,
,,,
,,,
,,,
,,,
,,,
,,,
,,,
,,,
,,,
,,,
,,,
,,,
,,,
,,,
,,,
,,,
,,,
,,,
,,,
,,,
,,,
,,,
,,,
,,,
,,,
,,,
,,,
,,,
,,,
,,,
,,,
,,,
,,,
,,,
,,,
,,,
,,,
,,,
,,,
,,,
,,,
,,,
,,,
,,,
,,,
,,,
,,,
,,,
,,,
,,,
,,,
,,,
,,,
,,,
,,,
,,,
,,,
,,,
,,,
,,,
,,,
,,,
,,,
,,,
,,,
,,,
,,,
,,,
,,,
,,,
,,,
,,,
,,,
,,,
,,,
,,,
,,,
,,,
,,,
,,,
,,,
,,,
,,,
,,,
,,,
,,,
,,,
,,,
,,,
,,,
,,,
,,,
,,,
,,,
,,,
,,,
,,,
,,,
,,,
,,,
,,,
,,,
,,,
,,,
,,,
,,,
,,,
,,,
,,,
,,,
,,,
,,,
,,,
,,,
,,,
,,,
,,,
,,,
,,,
,,,
,,,
,,,
,,,
,,,
,,,
,,,
,,,
,,,
,,,
,,,
,,,
,,,
,,,
,,,
,,,
,,,
,,,
,,,
,,,
,,,
,,,
,,,
,,,
,,,
,,,
,,,
,,,
,,,
,,,
,,,
,,,
,,,
,,,
,,,
,,,
,,,
,,,
,,,
,,,
,,,
,,,
,,,
,,,
,,,
,,,
,,,
,,,
,,,
,,,
,,,
,,,
,,,
,,,
,,,
,,,
,,,
,,,
,,,
